id,name,created_at,organization_id,ospillartype_id
10961307-5fe4-4614-9a6c-ba6b21934d9f,"Social and non-formal",1728658243107,1db65400-4e4a-4b15-96f4-cb2b4292c086,3
1f82347d-0ea6-4496-958c-2aa5e8604f20,Academics,1720583768624,e59a34ed-3c77-4cfd-a6fb-b94cf744c1e5,1
2219688e-5782-4c80-ba1b-7f4c8de8e249,"References & Exit Essay",1720583768946,e59a34ed-3c77-4cfd-a6fb-b94cf744c1e5,4
31bb0e33-1c53-4044-aa61-e635e3fea648,DEMO,1741710081075,da2e9c68-f583-47bb-8c61-7b291c6e3d69,4
383a48ed-f185-4791-a5fd-67b8e849d2e4,"Life Skills",1725381837061,173133d1-513b-49df-b6b8-729e187725cf,2
4365c32d-90b8-4269-8419-57319339f883,"Spiritual Empowerment",1725381836905,173133d1-513b-49df-b6b8-729e187725cf,1
479e824b-31a0-49c0-b770-2b218c03e7e1,"Social & Non-Formal (Keystone)",1724263724074,b7d0dc33-c7dc-4f68-b21b-e6613463f000,3
545d9bc3-4479-46fa-b242-de08a7ebd920,"Extracurricular Activities",1728066666671,c31b2d24-57ad-4202-a46f-32ea941d0775,2
54acce84-92e1-400a-89bd-7a74a1dfd80d,"References & essays",1720642087579,da2e9c68-f583-47bb-8c61-7b291c6e3d69,4
58352726-36d9-417a-b9df-dd2d4b94b51c,"Referrences and essays",1728658243249,1db65400-4e4a-4b15-96f4-cb2b4292c086,4
686875dc-b456-4d20-9d42-9668819e060f,Academics,1724263723829,b7d0dc33-c7dc-4f68-b21b-e6613463f000,1
68d4e275-1abb-42b7-9660-067332ecac37,"References & Exit Essay",1728066666889,c31b2d24-57ad-4202-a46f-32ea941d0775,4
7027dbe0-189c-451d-81cb-b6964116e77c,Academics,1728066666578,c31b2d24-57ad-4202-a46f-32ea941d0775,1
8108f485-11ee-4397-bec8-efb7ebd87f52,"Extracurricular activities",1728658243003,1db65400-4e4a-4b15-96f4-cb2b4292c086,2
83fee40d-f660-48c5-a22f-9794bf229a23,"References & Essays",1724263724220,b7d0dc33-c7dc-4f68-b21b-e6613463f000,4
9bea11fc-4303-4e7e-9ea1-4ec61b76f536,"Community Connection",1725381837167,173133d1-513b-49df-b6b8-729e187725cf,3
9dcdb105-38f8-47cd-8d47-039389b8aa21,"Extracurricular Activites",1720642087759,da2e9c68-f583-47bb-8c61-7b291c6e3d69,2
a4debeb0-3ad4-482f-9d0f-09b36d46e645,"Head of State Award Scheme (DofE)",1728066666790,c31b2d24-57ad-4202-a46f-32ea941d0775,3
a689c424-1c8b-4968-adce-f59ad77f80fd,Academics,1720642087657,da2e9c68-f583-47bb-8c61-7b291c6e3d69,1
b6ed8fc3-ee34-437a-8e1f-c6cfe11d7492,"Extracurricular Activities",1724263723941,b7d0dc33-c7dc-4f68-b21b-e6613463f000,2
cafe5850-3e06-41ef-a3b6-e1a82c4eb17a,"Extracurricular Activities",1720583768724,e59a34ed-3c77-4cfd-a6fb-b94cf744c1e5,2
de8dfe8e-da73-4c85-91a1-8dee7e304ab1,"Social and Non-Formal (jkl)",1720583768844,e59a34ed-3c77-4cfd-a6fb-b94cf744c1e5,3
e28406f0-f907-4c33-9c93-af2dbe8705ca,"Social and Non-Formal",1720642087479,da2e9c68-f583-47bb-8c61-7b291c6e3d69,3
e9ea78a6-2143-4edf-83b8-c2ebbb3919cc,Academics,1728658242919,1db65400-4e4a-4b15-96f4-cb2b4292c086,1
f2e9a32d-2690-4203-80a6-abfac3d16777,"References & Essays",1725381837276,173133d1-513b-49df-b6b8-729e187725cf,4
